{"usedCarList":{"ItemsToRender":9,"CursorFlashWidth":416,"ItemMargin":22,"ItemPadding":2,"TopLeftRenderPoint":"48, 156","ItemBoxSize":"416, 24","TextColour":"74, 107, 148","BorderColour":"82, 41, 0","TextFont":"Arial, 14pt","SwatchPosition":"8, 9","SwatchSize":"8, 10","CarNameOffset":"23, 0"},"garageCarList":{"ItemsToRender":11,"CursorFlashWidth":384,"ItemMargin":18,"ItemPadding":2,"TopLeftRenderPoint":"64, 176","ItemBoxSize":"384, 20","TextColour":"74, 107, 148","BorderColour":"82, 41, 0","TextFont":"Arial, 14pt","SwatchPosition":"28, 5","SwatchSize":"8, 10","CarNameOffset":"41, 0"},"installedCarPartsList":{"PartsListScreenOrigin":"32, 160","TopLeftItemLocation":"0, 0","TopRightItemLocation":"240, 0","BottomLeftItemLocation":"0, 220","BottomRightItemLocation":"240, 220","TextFont":"Arial, 14pt, style=Bold","TextColour":"189, 189, 189"},"colourSwatchSize":"12, 10","upgradeHPColour":"232, 168, 32","dealershipPriceColour":"Black","standardFontColour":"208, 208, 208","partFontColour":"198, 198, 198","standardFont":"Arial, 12pt, style=Bold","bigFont":"Arial, 19pt, style=Bold","partNameFont":"Arial, 14pt, style=Bold","iconImageData":{"ByteStride":128,"Versions":[{"Entries":[{"ImageLocation":"212, 32","ImageSize":"26, 32","PaletteLocation":32384,"Mod1":16236,"Unk3":11,"Name":"Go Race"},{"ImageLocation":"196, 96","ImageSize":"26, 32","PaletteLocation":32448,"Mod1":16238,"Unk3":11,"Name":"Game Status"},{"ImageLocation":"212, 0","ImageSize":"26, 32","PaletteLocation":32608,"Mod1":16238,"Unk3":11,"Name":"World Map"},{"ImageLocation":"98, 98","ImageSize":"98, 25","PaletteLocation":32512,"Mod1":16300,"Unk3":11,"Name":"Lineup 4"},{"ImageLocation":"0, 123","ImageSize":"98, 25","PaletteLocation":32544,"Mod1":16301,"Unk3":11,"Name":"Lineup 5"},{"ImageLocation":"98, 123","ImageSize":"90, 25","PaletteLocation":32576,"Mod1":16302,"Unk3":11,"Name":"Lineup"},{"ImageLocation":"212, 64","ImageSize":"26, 32","PaletteLocation":32416,"Mod1":16237,"Unk3":11,"Name":"Home"},{"ImageLocation":"0, 0","ImageSize":"212, 73","PaletteLocation":32640,"Mod1":16364,"Unk3":11,"Name":"Buy"},{"ImageLocation":"0, 73","ImageSize":"98, 25","PaletteLocation":32672,"Mod1":16365,"Unk3":11,"Name":"Lineup 1"},{"ImageLocation":"98, 73","ImageSize":"98, 25","PaletteLocation":32704,"Mod1":16366,"Unk3":11,"Name":"Lineup 2"},{"ImageLocation":"0, 98","ImageSize":"98, 25","PaletteLocation":32736,"Mod1":16367,"Unk3":11,"Name":"Lineup 3"}],"Type":0},{"Entries":[{"ImageLocation":"214, 193","ImageSize":"26, 32","PaletteLocation":32288,"Mod1":16108,"Unk3":11,"Name":"Go Race"},{"ImageLocation":"212, 32","ImageSize":"26, 32","PaletteLocation":32320,"Mod1":16174,"Unk3":11,"Name":"Game Status"},{"ImageLocation":"188, 193","ImageSize":"26, 32","PaletteLocation":32352,"Mod1":16175,"Unk3":11,"Name":"World Map"},{"ImageLocation":"212, 64","ImageSize":"24, 17","PaletteLocation":32160,"Mod1":16109,"Unk3":11,"Name":"DaysText"},{"ImageLocation":"156, 168","ImageSize":"98, 25","PaletteLocation":32448,"Mod1":16238,"Unk3":11,"Name":"Lineup 4"},{"ImageLocation":"0, 193","ImageSize":"98, 25","PaletteLocation":32480,"Mod1":16239,"Unk3":11,"Name":"Lineup 5"},{"ImageLocation":"98, 193","ImageSize":"90, 27","PaletteLocation":32256,"Mod1":16172,"Unk3":11,"Name":"Lineup"},{"ImageLocation":"212, 0","ImageSize":"26, 32","PaletteLocation":32128,"Mod1":16173,"Unk3":11,"Name":"Home"},{"ImageLocation":"0, 0","ImageSize":"212, 73","PaletteLocation":32640,"Mod1":16364,"Unk3":11,"Name":"Buy"},{"ImageLocation":"156, 93","ImageSize":"98, 25","PaletteLocation":32448,"Mod1":16303,"Unk3":11,"Name":"Lineup 1"},{"ImageLocation":"156, 118","ImageSize":"98, 25","PaletteLocation":32384,"Mod1":16236,"Unk3":11,"Name":"Lineup 2"},{"ImageLocation":"156, 143","ImageSize":"98, 25","PaletteLocation":32416,"Mod1":16237,"Unk3":11,"Name":"Lineup 3"},{"ImageLocation":"0, 73","ImageSize":"158, 20","PaletteLocation":32512,"Mod1":16365,"Unk3":11,"Name":"Wheels Lineup"},{"ImageLocation":"0, 93","ImageSize":"156, 20","PaletteLocation":32544,"Mod1":16366,"Unk3":11,"Name":"Wheels Lineup 1"},{"ImageLocation":"0, 113","ImageSize":"156, 20","PaletteLocation":32576,"Mod1":16367,"Unk3":11,"Name":"Wheels Lineup 2"},{"ImageLocation":"0, 133","ImageSize":"156, 20","PaletteLocation":32672,"Mod1":16300,"Unk3":11,"Name":"Wheels Lineup 3"},{"ImageLocation":"0, 153","ImageSize":"156, 20","PaletteLocation":32704,"Mod1":16301,"Unk3":11,"Name":"Wheels Lineup 4"},{"ImageLocation":"0, 173","ImageSize":"156, 20","PaletteLocation":32736,"Mod1":16302,"Unk3":11,"Name":"Wheels Lineup 5"}],"Type":1},{"Entries":[{"ImageLocation":"212, 0","ImageSize":"26, 32","PaletteLocation":32608,"Mod1":16303,"Unk3":11,"Name":"Go Race"},{"ImageLocation":"212, 64","ImageSize":"26, 32","PaletteLocation":32416,"Mod1":16237,"Unk3":11,"Name":"Game Status"},{"ImageLocation":"196, 96","ImageSize":"26, 32","PaletteLocation":32448,"Mod1":16238,"Unk3":11,"Name":"World Map"},{"ImageLocation":"222, 96","ImageSize":"24, 17","PaletteLocation":32480,"Mod1":16239,"Unk3":11,"Name":"DaysText"},{"ImageLocation":"98, 98","ImageSize":"98, 25","PaletteLocation":32512,"Mod1":16300,"Unk3":11,"Name":"Lineup 4"},{"ImageLocation":"0, 123","ImageSize":"98, 25","PaletteLocation":32544,"Mod1":16301,"Unk3":11,"Name":"Lineup 5"},{"ImageLocation":"98, 123","ImageSize":"90, 25","PaletteLocation":32576,"Mod1":16302,"Unk3":11,"Name":"Lineup"},{"ImageLocation":"212, 32","ImageSize":"26, 32","PaletteLocation":32384,"Mod1":16238,"Unk3":11,"Name":"Home"},{"ImageLocation":"0, 0","ImageSize":"212, 73","PaletteLocation":32640,"Mod1":16364,"Unk3":11,"Name":"Buy"},{"ImageLocation":"0, 73","ImageSize":"98, 25","PaletteLocation":32672,"Mod1":16365,"Unk3":11,"Name":"Lineup 1"},{"ImageLocation":"98, 73","ImageSize":"98, 25","PaletteLocation":32704,"Mod1":16366,"Unk3":11,"Name":"Lineup 2"},{"ImageLocation":"0, 98","ImageSize":"98, 25","PaletteLocation":32736,"Mod1":16367,"Unk3":11,"Name":"Lineup 3"}],"Type":2},{"Entries":[{"ImageLocation":"214, 193","ImageSize":"26, 32","PaletteLocation":32288,"Mod1":16108,"Unk3":11,"Name":"Go Race"},{"ImageLocation":"212, 32","ImageSize":"26, 32","PaletteLocation":32320,"Mod1":16174,"Unk3":11,"Name":"Game Status"},{"ImageLocation":"188, 193","ImageSize":"26, 32","PaletteLocation":32352,"Mod1":16175,"Unk3":11,"Name":"World Map"},{"ImageLocation":"212, 64","ImageSize":"24, 17","PaletteLocation":32160,"Mod1":16109,"Unk3":11,"Name":"DaysText"},{"ImageLocation":"156, 168","ImageSize":"98, 25","PaletteLocation":32448,"Mod1":16238,"Unk3":11,"Name":"Lineup 4"},{"ImageLocation":"0, 193","ImageSize":"98, 25","PaletteLocation":32480,"Mod1":16239,"Unk3":11,"Name":"Lineup 5"},{"ImageLocation":"98, 193","ImageSize":"90, 27","PaletteLocation":32256,"Mod1":16172,"Unk3":11,"Name":"Lineup"},{"ImageLocation":"212, 0","ImageSize":"26, 32","PaletteLocation":32128,"Mod1":16173,"Unk3":11,"Name":"Home"},{"ImageLocation":"0, 0","ImageSize":"212, 73","PaletteLocation":32640,"Mod1":16364,"Unk3":11,"Name":"Buy"},{"ImageLocation":"156, 93","ImageSize":"98, 25","PaletteLocation":32448,"Mod1":16303,"Unk3":11,"Name":"Lineup 1"},{"ImageLocation":"156, 118","ImageSize":"98, 25","PaletteLocation":32384,"Mod1":16236,"Unk3":11,"Name":"Lineup 2"},{"ImageLocation":"156, 143","ImageSize":"98, 25","PaletteLocation":32416,"Mod1":16237,"Unk3":11,"Name":"Lineup 3"},{"ImageLocation":"0, 73","ImageSize":"158, 20","PaletteLocation":32512,"Mod1":16365,"Unk3":11,"Name":"Wheels Lineup"},{"ImageLocation":"0, 93","ImageSize":"156, 20","PaletteLocation":32544,"Mod1":16366,"Unk3":11,"Name":"Wheels Lineup 1"},{"ImageLocation":"0, 113","ImageSize":"156, 20","PaletteLocation":32576,"Mod1":16367,"Unk3":11,"Name":"Wheels Lineup 2"},{"ImageLocation":"0, 133","ImageSize":"156, 20","PaletteLocation":32672,"Mod1":16300,"Unk3":11,"Name":"Wheels Lineup 3"},{"ImageLocation":"0, 153","ImageSize":"156, 20","PaletteLocation":32704,"Mod1":16301,"Unk3":11,"Name":"Wheels Lineup 4"},{"ImageLocation":"0, 173","ImageSize":"156, 20","PaletteLocation":32736,"Mod1":16302,"Unk3":11,"Name":"Wheels Lineup 5"}],"Type":3},{"Entries":[{"ImageLocation":"214, 193","ImageSize":"26, 32","PaletteLocation":32128,"Mod1":16108,"Unk3":11,"Name":"Go Race"},{"ImageLocation":"212, 32","ImageSize":"26, 32","PaletteLocation":32320,"Mod1":16174,"Unk3":11,"Name":"Game Status"},{"ImageLocation":"188, 193","ImageSize":"26, 32","PaletteLocation":32352,"Mod1":16175,"Unk3":11,"Name":"World Map"},{"ImageLocation":"212, 64","ImageSize":"24, 17","PaletteLocation":32160,"Mod1":16109,"Unk3":11,"Name":"DaysText"},{"ImageLocation":"156, 168","ImageSize":"98, 25","PaletteLocation":32448,"Mod1":16238,"Unk3":11,"Name":"Lineup 4"},{"ImageLocation":"0, 193","ImageSize":"98, 25","PaletteLocation":32480,"Mod1":16239,"Unk3":11,"Name":"Lineup 5"},{"ImageLocation":"98, 193","ImageSize":"90, 27","PaletteLocation":32256,"Mod1":16172,"Unk3":11,"Name":"Lineup"},{"ImageLocation":"212, 0","ImageSize":"26, 32","PaletteLocation":32288,"Mod1":16173,"Unk3":11,"Name":"Home"},{"ImageLocation":"0, 0","ImageSize":"212, 73","PaletteLocation":32640,"Mod1":16364,"Unk3":11,"Name":"Buy"},{"ImageLocation":"156, 93","ImageSize":"98, 25","PaletteLocation":32448,"Mod1":16303,"Unk3":11,"Name":"Lineup 1"},{"ImageLocation":"156, 118","ImageSize":"98, 25","PaletteLocation":32384,"Mod1":16236,"Unk3":11,"Name":"Lineup 2"},{"ImageLocation":"156, 143","ImageSize":"98, 25","PaletteLocation":32416,"Mod1":16237,"Unk3":11,"Name":"Lineup 3"},{"ImageLocation":"0, 73","ImageSize":"158, 20","PaletteLocation":32672,"Mod1":16365,"Unk3":11,"Name":"Wheels Lineup"},{"ImageLocation":"0, 93","ImageSize":"156, 20","PaletteLocation":32704,"Mod1":16366,"Unk3":11,"Name":"Wheels Lineup 1"},{"ImageLocation":"0, 113","ImageSize":"156, 20","PaletteLocation":32736,"Mod1":16367,"Unk3":11,"Name":"Wheels Lineup 2"},{"ImageLocation":"0, 133","ImageSize":"156, 20","PaletteLocation":32512,"Mod1":16300,"Unk3":11,"Name":"Wheels Lineup 3"},{"ImageLocation":"0, 153","ImageSize":"156, 20","PaletteLocation":32544,"Mod1":16301,"Unk3":11,"Name":"Wheels Lineup 4"},{"ImageLocation":"0, 173","ImageSize":"156, 20","PaletteLocation":32576,"Mod1":16302,"Unk3":11,"Name":"Wheels Lineup 5"}],"Type":4},{"Entries":[{"ImageLocation":"214, 193","ImageSize":"26, 32","PaletteLocation":32128,"Mod1":16108,"Unk3":11,"Name":"Com. Course"},{"ImageLocation":"214, 32","ImageSize":"26, 32","PaletteLocation":32320,"Mod1":16174,"Unk3":11,"Name":"Etat Partie"},{"ImageLocation":"188, 193","ImageSize":"26, 32","PaletteLocation":32352,"Mod1":16175,"Unk3":11,"Name":"Monde"},{"ImageLocation":"214, 64","ImageSize":"24, 17","PaletteLocation":32160,"Mod1":16109,"Unk3":11,"Name":"JourText"},{"ImageLocation":"156, 168","ImageSize":"98, 25","PaletteLocation":32448,"Mod1":16238,"Unk3":11,"Name":"Selection 4"},{"ImageLocation":"0, 193","ImageSize":"98, 25","PaletteLocation":32480,"Mod1":16239,"Unk3":11,"Name":"Selection 5"},{"ImageLocation":"98, 193","ImageSize":"90, 27","PaletteLocation":32256,"Mod1":16172,"Unk3":11,"Name":"Selection"},{"ImageLocation":"214, 0","ImageSize":"26, 32","PaletteLocation":32288,"Mod1":16173,"Unk3":11,"Name":"Accueil"},{"ImageLocation":"0, 0","ImageSize":"214, 73","PaletteLocation":32640,"Mod1":16364,"Unk3":11,"Name":"Acheter"},{"ImageLocation":"156, 93","ImageSize":"98, 25","PaletteLocation":32448,"Mod1":16303,"Unk3":11,"Name":"Selection 1"},{"ImageLocation":"156, 118","ImageSize":"98, 25","PaletteLocation":32384,"Mod1":16236,"Unk3":11,"Name":"Selection 2"},{"ImageLocation":"156, 143","ImageSize":"98, 25","PaletteLocation":32416,"Mod1":16237,"Unk3":11,"Name":"Selection 3"},{"ImageLocation":"0, 73","ImageSize":"158, 20","PaletteLocation":32672,"Mod1":16365,"Unk3":11,"Name":"Selection des Roues"},{"ImageLocation":"0, 93","ImageSize":"156, 20","PaletteLocation":32704,"Mod1":16366,"Unk3":11,"Name":"Selection des Roues 1"},{"ImageLocation":"0, 113","ImageSize":"156, 20","PaletteLocation":32736,"Mod1":16367,"Unk3":11,"Name":"Selection des Roues 2"},{"ImageLocation":"0, 133","ImageSize":"156, 20","PaletteLocation":32512,"Mod1":16300,"Unk3":11,"Name":"Selection des Roues 3"},{"ImageLocation":"0, 153","ImageSize":"156, 20","PaletteLocation":32544,"Mod1":16301,"Unk3":11,"Name":"Selection des Roues 4"},{"ImageLocation":"0, 173","ImageSize":"156, 20","PaletteLocation":32576,"Mod1":16302,"Unk3":11,"Name":"Selection des Roues 5"}],"Type":5},{"Entries":[{"ImageLocation":"214, 193","ImageSize":"26, 32","PaletteLocation":32128,"Mod1":16108,"Unk3":11,"Name":"Zum Rennen"},{"ImageLocation":"214, 32","ImageSize":"26, 32","PaletteLocation":32320,"Mod1":16174,"Unk3":11,"Name":"Speil Status"},{"ImageLocation":"188, 193","ImageSize":"26, 32","PaletteLocation":32352,"Mod1":16175,"Unk3":11,"Name":"Weltkarte"},{"ImageLocation":"214, 64","ImageSize":"24, 17","PaletteLocation":32160,"Mod1":16109,"Unk3":11,"Name":"TagText"},{"ImageLocation":"156, 168","ImageSize":"98, 25","PaletteLocation":32448,"Mod1":16238,"Unk3":11,"Name":"Auswahl 4"},{"ImageLocation":"0, 193","ImageSize":"98, 25","PaletteLocation":32480,"Mod1":16239,"Unk3":11,"Name":"Auswahl 5"},{"ImageLocation":"98, 193","ImageSize":"90, 27","PaletteLocation":32256,"Mod1":16172,"Unk3":11,"Name":"Auswahl"},{"ImageLocation":"214, 0","ImageSize":"26, 32","PaletteLocation":32288,"Mod1":16173,"Unk3":11,"Name":"Heim"},{"ImageLocation":"0, 0","ImageSize":"214, 73","PaletteLocation":32640,"Mod1":16364,"Unk3":11,"Name":"Kauf"},{"ImageLocation":"156, 93","ImageSize":"98, 25","PaletteLocation":32448,"Mod1":16303,"Unk3":11,"Name":"Auswahl 1"},{"ImageLocation":"156, 118","ImageSize":"98, 25","PaletteLocation":32384,"Mod1":16236,"Unk3":11,"Name":"Auswahl 2"},{"ImageLocation":"156, 143","ImageSize":"98, 25","PaletteLocation":32416,"Mod1":16237,"Unk3":11,"Name":"Auswahl 3"},{"ImageLocation":"0, 73","ImageSize":"158, 20","PaletteLocation":32672,"Mod1":16365,"Unk3":11,"Name":"Reifenauswahl"},{"ImageLocation":"0, 93","ImageSize":"156, 20","PaletteLocation":32704,"Mod1":16366,"Unk3":11,"Name":"Reifenauswahl 1"},{"ImageLocation":"0, 113","ImageSize":"156, 20","PaletteLocation":32736,"Mod1":16367,"Unk3":11,"Name":"Reifenauswahl 2"},{"ImageLocation":"0, 133","ImageSize":"156, 20","PaletteLocation":32512,"Mod1":16300,"Unk3":11,"Name":"Reifenauswahl 3"},{"ImageLocation":"0, 153","ImageSize":"156, 20","PaletteLocation":32544,"Mod1":16301,"Unk3":11,"Name":"Reifenauswahl 4"},{"ImageLocation":"0, 173","ImageSize":"156, 20","PaletteLocation":32576,"Mod1":16302,"Unk3":11,"Name":"Reifenauswahl 5"}],"Type":6},{"Entries":[{"ImageLocation":"124, 194","ImageSize":"26, 32","PaletteLocation":32128,"Mod1":16108,"Unk3":11,"Name":"Gareggia"},{"ImageLocation":"214, 32","ImageSize":"26, 32","PaletteLocation":32320,"Mod1":16174,"Unk3":11,"Name":"Stato Gioco"},{"ImageLocation":"98, 194","ImageSize":"26, 32","PaletteLocation":32352,"Mod1":16175,"Unk3":11,"Name":"Mondo"},{"ImageLocation":"150, 214","ImageSize":"24, 17","PaletteLocation":32160,"Mod1":16109,"Unk3":11,"Name":"Giorno"},{"ImageLocation":"156, 189","ImageSize":"98, 25","PaletteLocation":32448,"Mod1":16238,"Unk3":11,"Name":"Scelta 4"},{"ImageLocation":"0, 193","ImageSize":"98, 25","PaletteLocation":32480,"Mod1":16239,"Unk3":11,"Name":"Scelta 5"},{"ImageLocation":"158, 73","ImageSize":"90, 27","PaletteLocation":32256,"Mod1":16172,"Unk3":11,"Name":"Scelta"},{"ImageLocation":"214, 0","ImageSize":"26, 32","PaletteLocation":32288,"Mod1":16173,"Unk3":11,"Name":"Locale"},{"ImageLocation":"0, 0","ImageSize":"214, 73","PaletteLocation":32640,"Mod1":16364,"Unk3":11,"Name":"Compra"},{"ImageLocation":"156, 114","ImageSize":"98, 25","PaletteLocation":32448,"Mod1":16303,"Unk3":11,"Name":"Scelta 1"},{"ImageLocation":"156, 139","ImageSize":"98, 25","PaletteLocation":32384,"Mod1":16236,"Unk3":11,"Name":"Scelta 2"},{"ImageLocation":"156, 164","ImageSize":"98, 25","PaletteLocation":32416,"Mod1":16237,"Unk3":11,"Name":"Scelta 3"},{"ImageLocation":"0, 94","ImageSize":"158, 20","PaletteLocation":32704,"Mod1":16366,"Unk3":11,"Name":"Scelta Gomme"},{"ImageLocation":"0, 114","ImageSize":"156, 20","PaletteLocation":32736,"Mod1":16367,"Unk3":11,"Name":"Scelta Gomme 1"},{"ImageLocation":"0, 134","ImageSize":"156, 20","PaletteLocation":32512,"Mod1":16300,"Unk3":11,"Name":"Scelta Gomme 2"},{"ImageLocation":"0, 154","ImageSize":"156, 20","PaletteLocation":32544,"Mod1":16301,"Unk3":11,"Name":"Scelta Gomme 3"},{"ImageLocation":"0, 174","ImageSize":"156, 20","PaletteLocation":32576,"Mod1":16302,"Unk3":11,"Name":"Scelta Gomme 4"},{"ImageLocation":"0, 73","ImageSize":"156, 20","PaletteLocation":32672,"Mod1":16365,"Unk3":11,"Name":"Scelta Gomme 5"}],"Type":7},{"Entries":[{"ImageLocation":"124, 194","ImageSize":"26, 32","PaletteLocation":32128,"Mod1":16108,"Unk3":11,"Name":"A Competir"},{"ImageLocation":"214, 32","ImageSize":"26, 32","PaletteLocation":32320,"Mod1":16174,"Unk3":11,"Name":"Estado del Juego"},{"ImageLocation":"98, 194","ImageSize":"26, 32","PaletteLocation":32352,"Mod1":16175,"Unk3":11,"Name":"Mundo"},{"ImageLocation":"150, 214","ImageSize":"24, 17","PaletteLocation":32160,"Mod1":16109,"Unk3":11,"Name":"Dia"},{"ImageLocation":"156, 189","ImageSize":"98, 25","PaletteLocation":32448,"Mod1":16238,"Unk3":11,"Name":"Seleccion 4"},{"ImageLocation":"0, 193","ImageSize":"98, 25","PaletteLocation":32480,"Mod1":16239,"Unk3":11,"Name":"Seleccion 5"},{"ImageLocation":"158, 73","ImageSize":"90, 27","PaletteLocation":32256,"Mod1":16172,"Unk3":11,"Name":"Seleccion"},{"ImageLocation":"214, 0","ImageSize":"26, 32","PaletteLocation":32288,"Mod1":16173,"Unk3":11,"Name":"Local"},{"ImageLocation":"0, 0","ImageSize":"214, 73","PaletteLocation":32640,"Mod1":16364,"Unk3":11,"Name":"Comprar"},{"ImageLocation":"156, 114","ImageSize":"98, 25","PaletteLocation":32448,"Mod1":16303,"Unk3":11,"Name":"Seleccion 1"},{"ImageLocation":"156, 139","ImageSize":"98, 25","PaletteLocation":32384,"Mod1":16236,"Unk3":11,"Name":"Seleccion 2"},{"ImageLocation":"156, 164","ImageSize":"98, 25","PaletteLocation":32416,"Mod1":16237,"Unk3":11,"Name":"Seleccion 3"},{"ImageLocation":"0, 94","ImageSize":"158, 20","PaletteLocation":32704,"Mod1":16366,"Unk3":11,"Name":"Seleccion de Ruedas"},{"ImageLocation":"0, 114","ImageSize":"156, 20","PaletteLocation":32736,"Mod1":16367,"Unk3":11,"Name":"Ruedas 1"},{"ImageLocation":"0, 134","ImageSize":"156, 20","PaletteLocation":32512,"Mod1":16300,"Unk3":11,"Name":"Ruedas 2"},{"ImageLocation":"0, 154","ImageSize":"156, 20","PaletteLocation":32544,"Mod1":16301,"Unk3":11,"Name":"Ruedas 3"},{"ImageLocation":"0, 174","ImageSize":"156, 20","PaletteLocation":32576,"Mod1":16302,"Unk3":11,"Name":"Ruedas 4"},{"ImageLocation":"0, 73","ImageSize":"156, 20","PaletteLocation":32672,"Mod1":16365,"Unk3":11,"Name":"Ruedas 5"}],"Type":8}]}}